product,source,product_identity,acquisition_time,time_source,time_quality
SNOWCOVER,s2_fsc_rofental_2022_10_03.tif,S2B_MSIL2A_20221003T101749_N0510_R065_T32TPS_20240723T043933.SAFE,2022-10-03T10:17:49.024000Z,copernicus_dataspace_odata,catalog_verified
SNOWCOVER,s2_fsc_rofental_2022_10_05.tif,S2A_MSIL2A_20221005T100901_N0510_R022_T32TPS_20240724T220447.SAFE,2022-10-05T10:09:01.024000Z,copernicus_dataspace_odata,catalog_verified
SNOWCOVER,s2_fsc_rofental_2022_10_08.tif,S2A_MSIL2A_20221008T101931_N0510_R065_T32TPS_20240725T084702.SAFE,2022-10-08T10:19:31.024000Z,copernicus_dataspace_odata,catalog_verified
SNOWCOVER,s2_fsc_rofental_2022_10_13.tif,S2B_MSIL2A_20221013T101859_N0510_R065_T32TPS_20240724T004100.SAFE,2022-10-13T10:18:59.024000Z,copernicus_dataspace_odata,catalog_verified
SNOWCOVER,s2_fsc_rofental_2022_10_18.tif,S2A_MSIL2A_20221018T102031_N0510_R065_T32TPS_20240802T013810.SAFE,2022-10-18T10:20:31.024000Z,copernicus_dataspace_odata,catalog_verified
SNOWCOVER,s2_fsc_rofental_2022_10_25.tif,S2A_MSIL2A_20221025T101111_N0510_R022_T32TPS_20240801T020006.SAFE,2022-10-25T10:11:11.024000Z,copernicus_dataspace_odata,catalog_verified
SNOWCOVER,s2_fsc_rofental_2022_10_28.tif,S2A_MSIL2A_20221028T102131_N0510_R065_T32TPS_20240725T232840.SAFE,2022-10-28T10:21:31.024000Z,copernicus_dataspace_odata,catalog_verified
SNOWCOVER,s2_fsc_rofental_2022_10_30.tif,S2B_MSIL2A_20221030T101039_N0510_R022_T32TPS_20240726T084236.SAFE,2022-10-30T10:10:39.024000Z,copernicus_dataspace_odata,catalog_verified
SNOWCOVER,s2_fsc_rofental_2022_11_02.tif,S2B_MSIL2A_20221102T102059_N0510_R065_T32TPS_20240806T041627.SAFE,2022-11-02T10:20:59.024000Z,copernicus_dataspace_odata,catalog_verified
SNOWCOVER,s2_fsc_rofental_2022_11_17.tif,S2A_MSIL2A_20221117T102311_N0510_R065_T32TPS_20240803T060904.SAFE,2022-11-17T10:23:11.024000Z,copernicus_dataspace_odata,catalog_verified
SNOWCOVER,s2_fsc_rofental_2022_11_19.tif,S2B_MSIL2A_20221119T101229_N0510_R022_T32TPS_20240730T084305.SAFE,2022-11-19T10:12:29.024000Z,copernicus_dataspace_odata,catalog_verified
SNOWCOVER,s2_fsc_rofental_2022_11_24.tif,S2A_MSIL2A_20221124T101341_N0510_R022_T32TPS_20240804T015954.SAFE,2022-11-24T10:13:41.024000Z,copernicus_dataspace_odata,catalog_verified
SNOWCOVER,s2_fsc_rofental_2022_11_27.tif,S2A_MSIL2A_20221127T102351_N0510_R065_T32TPS_20240730T023754.SAFE,2022-11-27T10:23:51.024000Z,copernicus_dataspace_odata,catalog_verified
SNOWCOVER,s2_fsc_rofental_2022_12_07.tif,S2A_MSIL2A_20221207T102411_N0510_R065_T32TPS_20240806T043548.SAFE,2022-12-07T10:24:11.024000Z,copernicus_dataspace_odata,catalog_verified
SNOWCOVER,s2_fsc_rofental_2023_01_01.tif,S2B_MSIL2A_20230101T102339_N0510_R065_T32TPS_20240806T223544.SAFE,2023-01-01T10:23:39.024000Z,copernicus_dataspace_odata,catalog_verified
SNOWCOVER,s2_fsc_rofental_2023_01_18.tif,S2B_MSIL2A_20230118T101239_N0510_R022_T32TPS_20240809T052213.SAFE,2023-01-18T10:12:39.024000Z,copernicus_dataspace_odata,catalog_verified
SNOWCOVER,s2_fsc_rofental_2023_01_21.tif,S2B_MSIL2A_20230121T102239_N0510_R065_T32TPS_20240811T133047.SAFE,2023-01-21T10:22:39.024000Z,copernicus_dataspace_odata,catalog_verified
SNOWCOVER,s2_fsc_rofental_2023_01_26.tif,S2A_MSIL2A_20230126T102311_N0510_R065_T32TPS_20240810T093409.SAFE,2023-01-26T10:23:11.024000Z,copernicus_dataspace_odata,catalog_verified
SNOWCOVER,s2_fsc_rofental_2023_01_28.tif,S2B_MSIL2A_20230128T101159_N0510_R022_T32TPS_20240807T210629.SAFE,2023-01-28T10:11:59.024000Z,copernicus_dataspace_odata,catalog_verified
SNOWCOVER,s2_fsc_rofental_2023_01_31.tif,S2B_MSIL2A_20230131T102149_N0510_R065_T32TPS_20240811T111953.SAFE,2023-01-31T10:21:49.024000Z,copernicus_dataspace_odata,catalog_verified
SNOWCOVER,s2_fsc_rofental_2023_02_05.tif,S2A_MSIL2A_20230205T102221_N0510_R065_T32TPS_20240817T045445.SAFE,2023-02-05T10:22:21.024000Z,copernicus_dataspace_odata,catalog_verified
SNOWCOVER,s2_fsc_rofental_2023_02_07.tif,S2B_MSIL2A_20230207T101109_N0510_R022_T32TPS_20240813T003502.SAFE|S2B_MSIL2A_20230207T101109_N0510_R022_T32TPS_20240813T033135.SAFE,2023-02-07T10:11:09.024000Z,copernicus_dataspace_odata,catalog_verified
SNOWCOVER,s2_fsc_rofental_2023_02_10.tif,S2B_MSIL2A_20230210T102049_N0510_R065_T32TPS_20240813T082206.SAFE,2023-02-10T10:20:49.024000Z,copernicus_dataspace_odata,catalog_verified
SNOWCOVER,s2_fsc_rofental_2023_02_12.tif,S2A_MSIL2A_20230212T101131_N0510_R022_T32TPS_20240814T084256.SAFE,2023-02-12T10:11:31.024000Z,copernicus_dataspace_odata,catalog_verified
SNOWCOVER,s2_fsc_rofental_2023_02_15.tif,S2A_MSIL2A_20230215T102121_N0510_R065_T32TPS_20240820T082415.SAFE,2023-02-15T10:21:21.024000Z,copernicus_dataspace_odata,catalog_verified
SNOWCOVER,s2_fsc_rofental_2023_02_20.tif,S2B_MSIL2A_20230220T101949_N0510_R065_T32TPS_20240814T115509.SAFE,2023-02-20T10:19:49.024000Z,copernicus_dataspace_odata,catalog_verified
SNOWCOVER,s2_fsc_rofental_2023_02_22.tif,S2A_MSIL2A_20230222T101031_N0510_R022_T32TPS_20240818T222913.SAFE,2023-02-22T10:10:31.024000Z,copernicus_dataspace_odata,catalog_verified
SNOWCOVER,s2_fsc_rofental_2023_02_25.tif,S2A_MSIL2A_20230225T102021_N0510_R065_T32TPS_20240818T075416.SAFE,2023-02-25T10:20:21.024000Z,copernicus_dataspace_odata,catalog_verified
SNOWCOVER,s2_fsc_rofental_2023_03_09.tif,S2B_MSIL2A_20230309T100749_N0510_R022_T32TPS_20240821T082505.SAFE,2023-03-09T10:07:49.025000Z,copernicus_dataspace_odata,catalog_verified
SNOWCOVER,s2_fsc_rofental_2023_03_17.tif,S2A_MSIL2A_20230317T101741_N0510_R065_T32TPS_20240830T101604.SAFE,2023-03-17T10:17:41.024000Z,copernicus_dataspace_odata,catalog_verified
SNOWCOVER,s2_fsc_rofental_2023_03_19.tif,S2B_MSIL2A_20230319T100649_N0510_R022_T32TPS_20240825T042343.SAFE,2023-03-19T10:06:49.024000Z,copernicus_dataspace_odata,catalog_verified
SNOWCOVER,s2_fsc_rofental_2023_03_22.tif,S2B_MSIL2A_20230322T101649_N0510_R065_T32TPS_20240827T150923.SAFE,2023-03-22T10:16:49.024000Z,copernicus_dataspace_odata,catalog_verified
SNOWCOVER,s2_fsc_rofental_2023_03_27.tif,S2A_MSIL2A_20230327T101631_N0510_R065_T32TPS_20240827T022738.SAFE,2023-03-27T10:16:31.024000Z,copernicus_dataspace_odata,catalog_verified
SNOWCOVER,s2_fsc_rofental_2023_04_01.tif,S2B_MSIL2A_20230401T101559_N0510_R065_T32TPS_20240828T023533.SAFE,2023-04-01T10:15:59.024000Z,copernicus_dataspace_odata,catalog_verified
SNOWCOVER,s2_fsc_rofental_2023_04_03.tif,S2A_MSIL2A_20230403T100551_N0510_R022_T32TPS_20240825T000821.SAFE,2023-04-03T10:05:51.024000Z,copernicus_dataspace_odata,catalog_verified
SNOWCOVER,s2_fsc_rofental_2023_04_06.tif,S2A_MSIL2A_20230406T102021_N0510_R065_T32TPS_20240827T104546.SAFE,2023-04-06T10:20:21.025000Z,copernicus_dataspace_odata,catalog_verified
SNOWCOVER,s2_fsc_rofental_2023_04_16.tif,S2A_MSIL2A_20230416T101601_N0510_R065_T32TPS_20240904T172156.SAFE,2023-04-16T10:16:01.024000Z,copernicus_dataspace_odata,catalog_verified
SNOWCOVER,s2_fsc_rofental_2023_04_18.tif,S2B_MSIL2A_20230418T100559_N0510_R022_T32TPS_20240905T202536.SAFE,2023-04-18T10:05:59.024000Z,copernicus_dataspace_odata,catalog_verified
SNOWCOVER,s2_fsc_rofental_2023_04_26.tif,S2A_MSIL2A_20230426T101601_N0510_R065_T32TPS_20240903T123109.SAFE,2023-04-26T10:16:01.024000Z,copernicus_dataspace_odata,catalog_verified
SNOWCOVER,s2_fsc_rofental_2023_05_03.tif,S2A_MSIL2A_20230503T101021_N0510_R022_T32TPS_20240905T123554.SAFE,2023-05-03T10:10:21.024000Z,copernicus_dataspace_odata,catalog_verified
SNOWCOVER,s2_fsc_rofental_2023_05_18.tif,S2B_MSIL2A_20230518T100559_N0510_R022_T32TPS_20240905T193942.SAFE,2023-05-18T10:05:59.024000Z,copernicus_dataspace_odata,catalog_verified
SNOWCOVER,s2_fsc_rofental_2023_05_26.tif,S2A_MSIL2A_20230526T101601_N0510_R065_T32TPS_20240907T023333.SAFE,2023-05-26T10:16:01.024000Z,copernicus_dataspace_odata,catalog_verified
SNOWCOVER,s2_fsc_rofental_2023_06_02.tif,S2A_MSIL2A_20230602T100601_N0510_R022_T32TPS_20240926T092342.SAFE,2023-06-02T10:06:01.024000Z,copernicus_dataspace_odata,catalog_verified
SNOWCOVER,s2_fsc_rofental_2023_06_12.tif,S2A_MSIL2A_20230612T100601_N0510_R022_T32TPS_20240911T004021.SAFE,2023-06-12T10:06:01.024000Z,copernicus_dataspace_odata,catalog_verified
SNOWCOVER,s2_fsc_rofental_2023_06_15.tif,S2A_MSIL2A_20230615T102031_N0510_R065_T32TPS_20240912T065622.SAFE,2023-06-15T10:20:31.024000Z,copernicus_dataspace_odata,catalog_verified
SNOWCOVER,s2_fsc_rofental_2023_06_17.tif,S2B_MSIL2A_20230617T100559_N0510_R022_T32TPS_20240926T031136.SAFE,2023-06-17T10:05:59.024000Z,copernicus_dataspace_odata,catalog_verified
SNOWCOVER,s2_fsc_rofental_2023_06_20.tif,S2B_MSIL2A_20230620T101559_N0510_R065_T32TPS_20240909T210307.SAFE,2023-06-20T10:15:59.024000Z,copernicus_dataspace_odata,catalog_verified
SNOWCOVER,s2_fsc_rofental_2023_06_25.tif,S2A_MSIL2A_20230625T101601_N0510_R065_T32TPS_20240910T125018.SAFE,2023-06-25T10:16:01.025000Z,copernicus_dataspace_odata,catalog_verified
SNOWCOVER,s2_fsc_rofental_2023_07_05.tif,S2A_MSIL2A_20230705T101601_N0510_R065_T32TPS_20240912T234500.SAFE,2023-07-05T10:16:01.024000Z,copernicus_dataspace_odata,catalog_verified
SNOWCOVER,s2_fsc_rofental_2023_07_07.tif,S2B_MSIL2A_20230707T100559_N0510_R022_T32TPS_20240929T030230.SAFE,2023-07-07T10:05:59.024000Z,copernicus_dataspace_odata,catalog_verified
SNOWCOVER,s2_fsc_rofental_2023_07_10.tif,S2B_MSIL2A_20230710T101609_N0510_R065_T32TPS_20240913T122821.SAFE,2023-07-10T10:16:09.024000Z,copernicus_dataspace_odata,catalog_verified
WETSNOW,WSM_S1A_SAR_track117_2023_03_12_17_07_24.tif,WSM_S1A_SAR_track117_2023_03_12_17_07_24,2023-03-12T17:07:12Z,raster_sidecar,derived_scene_metadata
WETSNOW,WSM_S1A_SAR_track117_2023_03_24_17_07_24.tif,WSM_S1A_SAR_track117_2023_03_24_17_07_24,2023-03-24T17:07:12Z,raster_sidecar,derived_scene_metadata
WETSNOW,WSM_S1A_SAR_track117_2023_04_05_17_07_24.tif,WSM_S1A_SAR_track117_2023_04_05_17_07_24,2023-04-05T17:07:12Z,raster_sidecar,derived_scene_metadata
WETSNOW,WSM_S1A_SAR_track117_2023_04_17_17_07_25.tif,WSM_S1A_SAR_track117_2023_04_17_17_07_25,2023-04-17T17:07:12Z,raster_sidecar,derived_scene_metadata
WETSNOW,WSM_S1A_SAR_track117_2023_04_29_17_07_25.tif,WSM_S1A_SAR_track117_2023_04_29_17_07_25,2023-04-29T17:07:12Z,raster_sidecar,derived_scene_metadata
WETSNOW,WSM_S1A_SAR_track117_2023_05_11_17_07_26.tif,WSM_S1A_SAR_track117_2023_05_11_17_07_26,2023-05-11T17:07:12Z,raster_sidecar,derived_scene_metadata
WETSNOW,WSM_S1A_SAR_track117_2023_05_23_17_07_26.tif,WSM_S1A_SAR_track117_2023_05_23_17_07_26,2023-05-23T17:07:12Z,raster_sidecar,derived_scene_metadata
WETSNOW,WSM_S1A_SAR_track117_2023_06_04_17_07_27.tif,WSM_S1A_SAR_track117_2023_06_04_17_07_27,2023-06-04T17:07:12Z,raster_sidecar,derived_scene_metadata
WETSNOW,WSM_S1A_SAR_track117_2023_06_16_17_07_28.tif,WSM_S1A_SAR_track117_2023_06_16_17_07_28,2023-06-16T17:07:12Z,raster_sidecar,derived_scene_metadata
WETSNOW,WSM_S1A_SAR_track117_2023_06_28_17_07_28.tif,WSM_S1A_SAR_track117_2023_06_28_17_07_28,2023-06-28T17:07:12Z,raster_sidecar,derived_scene_metadata
WETSNOW,WSM_S1A_SAR_track117_2023_07_10_17_07_29.tif,WSM_S1A_SAR_track117_2023_07_10_17_07_29,2023-07-10T17:07:12Z,raster_sidecar,derived_scene_metadata
WETSNOW,WSM_S1A_SAR_track117_2023_07_22_17_07_30.tif,WSM_S1A_SAR_track117_2023_07_22_17_07_30,2023-07-22T17:07:12Z,raster_sidecar,derived_scene_metadata
WETSNOW,WSM_S1A_SAR_track168_2023_03_16_05_27_37.tif,WSM_S1A_SAR_track168_2023_03_16_05_27_37,2023-03-16T05:26:24Z,raster_sidecar,derived_scene_metadata
WETSNOW,WSM_S1A_SAR_track168_2023_03_28_05_27_38.tif,WSM_S1A_SAR_track168_2023_03_28_05_27_38,2023-03-28T05:26:24Z,raster_sidecar,derived_scene_metadata
WETSNOW,WSM_S1A_SAR_track168_2023_04_09_05_27_38.tif,WSM_S1A_SAR_track168_2023_04_09_05_27_38,2023-04-09T05:26:24Z,raster_sidecar,derived_scene_metadata
WETSNOW,WSM_S1A_SAR_track168_2023_04_21_05_27_38.tif,WSM_S1A_SAR_track168_2023_04_21_05_27_38,2023-04-21T05:26:24Z,raster_sidecar,derived_scene_metadata
WETSNOW,WSM_S1A_SAR_track168_2023_05_03_05_27_39.tif,WSM_S1A_SAR_track168_2023_05_03_05_27_39,2023-05-03T05:26:24Z,raster_sidecar,derived_scene_metadata
WETSNOW,WSM_S1A_SAR_track168_2023_05_15_05_27_40.tif,WSM_S1A_SAR_track168_2023_05_15_05_27_40,2023-05-15T05:26:24Z,raster_sidecar,derived_scene_metadata
WETSNOW,WSM_S1A_SAR_track168_2023_05_27_05_27_40.tif,WSM_S1A_SAR_track168_2023_05_27_05_27_40,2023-05-27T05:26:24Z,raster_sidecar,derived_scene_metadata
WETSNOW,WSM_S1A_SAR_track168_2023_06_08_05_27_40.tif,WSM_S1A_SAR_track168_2023_06_08_05_27_40,2023-06-08T05:26:24Z,raster_sidecar,derived_scene_metadata
WETSNOW,WSM_S1A_SAR_track168_2023_06_20_05_27_41.tif,WSM_S1A_SAR_track168_2023_06_20_05_27_41,2023-06-20T05:26:24Z,raster_sidecar,derived_scene_metadata
WETSNOW,WSM_S1A_SAR_track168_2023_07_02_05_27_42.tif,WSM_S1A_SAR_track168_2023_07_02_05_27_42,2023-07-02T05:26:24Z,raster_sidecar,derived_scene_metadata
WETSNOW,WSM_S1A_SAR_track168_2023_07_14_05_27_43.tif,WSM_S1A_SAR_track168_2023_07_14_05_27_43,2023-07-14T05:26:24Z,raster_sidecar,derived_scene_metadata
WETSNOW,WSM_S1A_SAR_track168_2023_07_26_05_27_44.tif,WSM_S1A_SAR_track168_2023_07_26_05_27_44,2023-07-26T05:26:24Z,raster_sidecar,derived_scene_metadata
