date,region_id,n_valid,n_snow,n_cloud,scf,cloud_fraction,tiles_used,source,unc_mean,unc_n_valid,unc_min,unc_max
2022-10-03,,89927,46001,0,0.5115371356767155,0.0,UNKNOWN,s2_fsc_snowflake_rofental_2022_10_03.tif,10.327554572084187,89927,10.0,30.200000762939453
2022-10-05,,80183,23973,0,0.2989785864834192,0.0,UNKNOWN,s2_fsc_snowflake_rofental_2022_10_05.tif,10.387116969928904,80183,10.0,30.0
2022-10-08,,35064,1078,0,0.03074378279717089,0.0,UNKNOWN,s2_fsc_snowflake_rofental_2022_10_08.tif,10.621902806286178,35064,10.0,30.0
2022-10-13,,13648,306,0,0.02242086752637749,0.0,UNKNOWN,s2_fsc_snowflake_rofental_2022_10_13.tif,11.639991207461005,13648,10.0,31.600000381469727
2022-10-18,,73805,2255,0,0.030553485536210283,0.0,UNKNOWN,s2_fsc_snowflake_rofental_2022_10_18.tif,10.42738567844864,73805,10.0,30.200000762939453
2022-10-25,,84819,27975,0,0.329819969582287,0.0,UNKNOWN,s2_fsc_snowflake_rofental_2022_10_25.tif,10.402322592808543,84819,10.0,30.0
2022-10-28,,93604,11478,0,0.1226229648305628,0.0,UNKNOWN,s2_fsc_snowflake_rofental_2022_10_28.tif,10.28225716854394,93604,10.0,30.200000762939453
2022-10-30,,80660,5308,0,0.0658070914951649,0.0,UNKNOWN,s2_fsc_snowflake_rofental_2022_10_30.tif,10.321423258014095,80660,10.0,30.399999618530273
2022-11-02,,31633,1913,0,0.06047482059874182,0.0,UNKNOWN,s2_fsc_snowflake_rofental_2022_11_02.tif,10.15143679119372,31633,10.0,30.0
2022-11-17,,8445,7244,0,0.8577856719952635,0.0,UNKNOWN,s2_fsc_snowflake_rofental_2022_11_17.tif,10.001113084620311,8445,10.0,19.399999618530273
2022-11-19,,89382,88127,0,0.9859591416616321,0.0,UNKNOWN,s2_fsc_snowflake_rofental_2022_11_19.tif,10.133787563478727,89382,10.0,30.0
2022-11-24,,21240,20336,0,0.9574387947269303,0.0,UNKNOWN,s2_fsc_snowflake_rofental_2022_11_24.tif,10.000442561187313,21240,10.0,13.800000190734863
2022-11-27,,65475,65438,0,0.9994348988163421,0.0,UNKNOWN,s2_fsc_snowflake_rofental_2022_11_27.tif,10.231920580257665,65475,10.0,30.0
2022-12-07,,60970,60961,0,0.9998523864195507,0.0,UNKNOWN,s2_fsc_snowflake_rofental_2022_12_07.tif,10.382853862561612,60970,10.0,30.0
2023-01-01,,108380,108380,0,1.0,0.0,UNKNOWN,s2_fsc_snowflake_rofental_2023_01_01.tif,10.300813803291778,108380,10.0,30.0
2023-01-18,,79688,79688,0,1.0,0.0,UNKNOWN,s2_fsc_snowflake_rofental_2023_01_18.tif,10.266544523649385,79688,10.0,30.0
2023-01-21,,19087,19087,0,1.0,0.0,UNKNOWN,s2_fsc_snowflake_rofental_2023_01_21.tif,10.018861004872427,19087,10.0,30.0
2023-01-26,,55800,55800,0,1.0,0.0,UNKNOWN,s2_fsc_snowflake_rofental_2023_01_26.tif,10.355555555555556,55800,10.0,30.0
2023-01-28,,99503,99502,0,0.9999899500517573,0.0,UNKNOWN,s2_fsc_snowflake_rofental_2023_01_28.tif,10.264182989457604,99503,10.0,30.0
2023-01-31,,105480,105480,0,1.0,0.0,UNKNOWN,s2_fsc_snowflake_rofental_2023_01_31.tif,10.182783466059917,105480,10.0,30.0
2023-02-05,,127904,127904,0,1.0,0.0,UNKNOWN,s2_fsc_snowflake_rofental_2023_02_05.tif,10.24049286965224,127904,10.0,30.0
2023-02-07,,35358,35358,0,1.0,0.0,UNKNOWN,s2_fsc_snowflake_rofental_2023_02_07.tif,10.559986424571525,35358,10.0,30.0
2023-02-10,,92543,92543,0,1.0,0.0,UNKNOWN,s2_fsc_snowflake_rofental_2023_02_10.tif,10.216571755830362,92543,10.0,30.0
2023-02-12,,91848,91838,0,0.9998911244665099,0.0,UNKNOWN,s2_fsc_snowflake_rofental_2023_02_12.tif,10.201855239090671,91848,10.0,30.0
2023-02-15,,90621,90454,0,0.9981571600401673,0.0,UNKNOWN,s2_fsc_snowflake_rofental_2023_02_15.tif,10.18080135952512,90621,10.0,30.0
2023-02-20,,122213,121681,0,0.9956469442694312,0.0,UNKNOWN,s2_fsc_snowflake_rofental_2023_02_20.tif,10.108687291859296,122213,10.0,30.0
2023-02-22,,28591,28591,0,1.0,0.0,UNKNOWN,s2_fsc_snowflake_rofental_2023_02_22.tif,10.0,28591,10.0,10.0
2023-02-25,,72120,70318,0,0.9750138657792567,0.0,UNKNOWN,s2_fsc_snowflake_rofental_2023_02_25.tif,10.124603438747636,72120,10.0,30.0
2023-03-09,,6182,6164,0,0.9970883209317373,0.0,UNKNOWN,s2_fsc_snowflake_rofental_2023_03_09.tif,11.067615658362989,6182,10.0,30.0
2023-03-17,,126250,126250,0,1.0,0.0,UNKNOWN,s2_fsc_snowflake_rofental_2023_03_17.tif,10.086811881188119,126250,10.0,30.0
2023-03-19,,93833,91634,0,0.976564748009762,0.0,UNKNOWN,s2_fsc_snowflake_rofental_2023_03_19.tif,10.166465955474086,93833,10.0,30.0
2023-03-22,,116377,109729,0,0.9428753104135696,0.0,UNKNOWN,s2_fsc_snowflake_rofental_2023_03_22.tif,10.061257808673535,116377,10.0,30.0
2023-03-27,,2666,2666,0,1.0,0.0,UNKNOWN,s2_fsc_snowflake_rofental_2023_03_27.tif,10.0,2666,10.0,10.0
2023-04-01,,22888,22888,0,1.0,0.0,UNKNOWN,s2_fsc_snowflake_rofental_2023_04_01.tif,10.160782943026915,22888,10.0,30.0
2023-04-03,,68091,63054,0,0.9260254659206062,0.0,UNKNOWN,s2_fsc_snowflake_rofental_2023_04_03.tif,10.26941299144353,68091,10.0,30.0
2023-04-06,,62897,57980,0,0.9218245703292685,0.0,UNKNOWN,s2_fsc_snowflake_rofental_2023_04_06.tif,10.203558198321211,62897,10.0,30.0
2023-04-16,,17838,17838,0,1.0,0.0,UNKNOWN,s2_fsc_snowflake_rofental_2023_04_16.tif,10.0,17838,10.0,10.0
2023-04-18,,151819,151818,0,0.9999934132091504,0.0,UNKNOWN,s2_fsc_snowflake_rofental_2023_04_18.tif,10.158347769382022,151819,10.0,30.0
2023-04-26,,144345,137676,0,0.953798191832069,0.0,UNKNOWN,s2_fsc_snowflake_rofental_2023_04_26.tif,10.11999030101493,144345,10.0,30.0
2023-05-03,,105625,101442,0,0.9603976331360947,0.0,UNKNOWN,s2_fsc_snowflake_rofental_2023_05_03.tif,10.101981538472373,105625,10.0,30.0
2023-05-18,,25308,21871,0,0.86419314050893,0.0,UNKNOWN,s2_fsc_snowflake_rofental_2023_05_18.tif,10.422206416973406,25308,10.0,30.0
2023-05-26,,88751,82727,0,0.9321247084539892,0.0,UNKNOWN,s2_fsc_snowflake_rofental_2023_05_26.tif,10.141835021577222,88751,10.0,30.0
2023-06-02,,105490,70081,0,0.6643378519290928,0.0,UNKNOWN,s2_fsc_snowflake_rofental_2023_06_02.tif,10.300123234429805,105490,10.0,30.0
2023-06-12,,104489,53948,0,0.5163031515279121,0.0,UNKNOWN,s2_fsc_snowflake_rofental_2023_06_12.tif,10.328072811492119,104489,10.0,30.0
2023-06-15,,34968,20646,0,0.5904255319148937,0.0,UNKNOWN,s2_fsc_snowflake_rofental_2023_06_15.tif,10.034460077785404,34968,10.0,30.0
2023-06-17,,59744,30170,0,0.5049879485806106,0.0,UNKNOWN,s2_fsc_snowflake_rofental_2023_06_17.tif,10.262476566678135,59744,10.0,30.0
2023-06-20,,10569,10569,0,1.0,0.0,UNKNOWN,s2_fsc_snowflake_rofental_2023_06_20.tif,10.0,10569,10.0,10.0
2023-06-25,,89502,10670,0,0.11921521306786441,0.0,UNKNOWN,s2_fsc_snowflake_rofental_2023_06_25.tif,10.383008200934057,89502,10.0,30.0
