date,value_mean,value_min,value_max,n
2022-10-01,0.0,0.0,0.0,31
2022-10-02,0.6356612315290244,0.3408262454434994,0.8265492102065614,31
2022-10-03,0.04930819582173789,0.0019744835965978,0.2964763061968408,31
2022-10-04,0.38479892603770627,0.1330498177399757,0.472812879708384,31
2022-10-05,0.2987104613334378,0.0091130012150668,0.3909477521263669,31
2022-10-06,0.16176067103045502,0.0021263669501822,0.2726306196840826,31
2022-10-07,0.04037647473836863,0.0,0.0914337788578371,31
2022-10-08,0.0141496491984478,0.0,0.0612089914945322,31
2022-10-09,0.03361031630933245,0.0015188335358444,0.2431652490886998,31
2022-10-10,0.43524869674283695,0.1332017010935601,0.5121506682867558,31
2022-10-11,0.31801924509073803,0.0448055893074119,0.4848116646415553,31
2022-10-12,0.27533512327048953,0.0230862697448359,0.5144289185905225,31
2022-10-13,0.1413544075569317,0.0059234507897934,0.3432563791008505,31
2022-10-14,0.18217673343001606,0.0132138517618469,0.3863912515188335,31
2022-10-15,0.25952945557166934,0.0359963547995139,0.5767010935601458,31
2022-10-16,0.14150629091051617,0.0189854191980558,0.4676488456865127,31
2022-10-17,0.08472641398502719,0.0115431348724179,0.3836573511543135,31
2022-10-18,0.06603006310508362,0.0047083839611178,0.3490279465370595,31
2022-10-19,0.0497981421236232,0.0030376670716889,0.3034629404617254,31
2022-10-20,0.03351722651197425,0.0024301336573511,0.2144592952612393,31
2022-10-21,0.03208658331046913,0.0019744835965978,0.2067132442284325,31
2022-10-22,0.04475659467722333,0.0009113001215066,0.1631227217496962,31
2022-10-23,0.4273311645043703,0.0451093560145808,0.7293438639125152,31
2022-10-24,0.271783012581821,0.0212636695018226,0.5710814094775213,31
2022-10-25,0.36553423744757574,0.0941676792223572,0.6158869987849331,31
2022-10-26,0.39870360208521144,0.3101458080194411,0.4934690157958687,31
2022-10-27,0.21993199545329828,0.1629708383961118,0.2703523693803159,31
2022-10-28,0.18807078744169636,0.1145200486026731,0.2507594167679222,31
2022-10-29,0.13564163367694895,0.0789793438639125,0.1910692588092345,31
2022-10-30,0.10857699996080425,0.0630315917375455,0.1608444714459295,31
2022-10-31,0.05674068122133809,0.0373633049817739,0.0996354799513973,31
2022-11-01,0.003307137537725826,0.0,0.0239975698663426,31
2022-11-02,0.004424215106024332,0.0,0.0159477521263669,31
2022-11-03,9.798926037703225e-06,0.0,0.0003037667071688,31
2022-11-04,0.0015972249441461,0.0,0.0126063183475091,31
2022-11-05,0.0,0.0,0.0,31
2022-11-06,0.05271332261984082,0.0033414337788578,0.1228736330498177,31
2022-11-07,0.15941382824442435,0.0479951397326853,0.3263973268529769,31
2022-11-08,0.15546976051424757,0.0432867557715674,0.2143074119076549,31
2022-11-09,0.26220456237996315,0.0777642770352369,0.4198055893074119,31
2022-11-10,0.2525722180848979,0.0990279465370595,0.3622417982989064,31
2022-11-11,0.3218457257084623,0.1673754556500607,0.4020352369380316,31
2022-11-12,0.368326931368322,0.1517314702308627,0.5224787363304981,31
2022-11-13,0.04351213107043463,0.0047083839611178,0.1155832320777642,31
2022-11-14,0.0,0.0,0.0,31
2022-11-15,0.049940226551169954,0.0036452004860267,0.0905224787363305,31
2022-11-16,0.09311919413632262,0.012910085054678,0.1571992709599028,31
2022-11-17,0.0008182103241484324,0.0,0.0036452004860267,31
2022-11-18,0.0,0.0,0.0,31
2022-11-19,0.0001371849645278645,0.0,0.0009113001215066,31
2022-11-20,0.0,0.0,0.0,31
2022-11-21,0.0,0.0,0.0,31
2022-11-22,0.0,0.0,0.0,31
2022-11-23,0.0,0.0,0.0,31
2022-11-24,0.0,0.0,0.0,31
2022-11-25,0.0005536393211303806,0.0,0.0037970838396111,31
2022-11-26,0.0,0.0,0.0,31
2022-11-27,0.0,0.0,0.0,31
2022-11-28,1.959785207540968e-05,0.0,0.0006075334143377,31
2022-11-29,0.0,0.0,0.0,31
2022-11-30,0.0,0.0,0.0,31
2022-12-01,0.003365931093952061,0.0,0.0124544349939246,31
2022-12-02,0.0,0.0,0.0,31
2022-12-03,0.0008378081762238581,0.0,0.00410085054678,31
2022-12-04,0.0003723591894328226,0.0,0.0033414337788578,31
2022-12-05,0.0014747383686747678,0.0,0.0083535844471445,31
2022-12-06,0.0,0.0,0.0,31
2022-12-07,0.0,0.0,0.0,31
2022-12-08,0.0,0.0,0.0,31
2022-12-09,0.0,0.0,0.0,31
2022-12-10,4.899463018851613e-06,0.0,0.0001518833535844,31
2022-12-11,0.0,0.0,0.0,31
2022-12-12,0.0,0.0,0.0,31
2022-12-13,3.919570415081935e-05,0.0,0.0004556500607533,31
2022-12-14,0.0,0.0,0.0,31
2022-12-15,0.00017638066867869677,0.0,0.0016707168894289,31
2022-12-16,0.0005487398581115323,0.0,0.0036452004860267,31
2022-12-17,4.409516716966774e-05,0.0,0.0006075334143377,31
2022-12-18,0.0016805158154665808,0.0,0.0036452004860267,31
2022-12-19,0.15077607494218628,0.0057715674362089,0.3921628189550425,31
2022-12-20,0.19190706698545837,0.0164034021871202,0.4732685297691373,31
2022-12-21,0.13841472974561983,0.0072904009720534,0.37773390036452,31
2022-12-22,0.02529102810331982,0.0001518833535844,0.1198359659781288,31
2022-12-23,0.08983655391369101,0.0165552855407047,0.2299513973268529,31
2022-12-24,0.08797965742954568,0.0077460510328068,0.2416464155528554,31
2022-12-25,0.05822521851605059,0.0059234507897934,0.1605407047387606,31
2022-12-26,0.0362707247285697,0.0001518833535844,0.1073815309842041,31
2022-12-27,0.014953161133539722,0.0,0.0546780072904009,31
2022-12-28,0.007853839219221516,0.0,0.0217193195625759,31
2022-12-29,0.0008819033433935452,0.0,0.0115431348724179,31
2022-12-30,0.00026457100301805804,0.0,0.0042527339003645,31
2022-12-31,0.03484008152706458,0.0,0.1395808019441069,31
2023-01-01,0.07481969976090617,0.0025820170109356,0.2200789793438639,31
2023-01-02,0.02301767726257196,0.0006075334143377,0.1163426488456865,31
2023-01-03,0.02928409046368512,0.0006075334143377,0.0748784933171324,31
2023-01-04,0.00015188335358441615,0.0,0.0007594167679222,31
2023-01-05,0.0035178144475365002,0.0,0.0321992709599027,31
2023-01-06,0.005119938854701484,0.0,0.015643985419198,31
2023-01-07,0.008289891427899447,0.0,0.017010935601458,31
2023-01-08,9.798926037703225e-06,0.0,0.0001518833535844,31
2023-01-09,0.0,0.0,0.0,31
2023-01-10,0.0,0.0,0.0,31
2023-01-11,0.012851291498451713,0.0004556500607533,0.0259720534629404,31
2023-01-12,4.899463018851613e-06,0.0,0.0001518833535844,31
2023-01-13,0.000744718378865629,0.0,0.0025820170109356,31
2023-01-14,0.0021802610433895937,0.0,0.0045565006075334,31
2023-01-15,2.4497315094261294e-05,0.0,0.0006075334143377,31
2023-01-16,0.0,0.0,0.0,31
2023-01-17,0.0,0.0,0.0,31
2023-01-18,0.001381648571316542,0.0,0.0042527339003645,31
2023-01-19,0.0,0.0,0.0,31
2023-01-20,0.0,0.0,0.0,31
2023-01-21,0.0,0.0,0.0,31
2023-01-22,0.001847097558107584,0.0,0.0051640340218712,31
2023-01-23,0.0,0.0,0.0,31
2023-01-24,0.0031601536471602227,0.0001518833535844,0.0066828675577156,31
2023-01-25,0.0009210990475443323,0.0,0.0028857837181044,31
2023-01-26,0.012758201701093512,0.0001518833535844,0.027187120291616,31
2023-01-27,0.0,0.0,0.0,31
2023-01-28,0.0043801199388546486,0.0,0.0109356014580801,31
2023-01-29,0.022694312703327675,0.0004556500607533,0.0470838396111786,31
2023-01-30,4.899463018851613e-05,0.0,0.0003037667071688,31
2023-01-31,0.0,0.0,0.0,31
2023-02-01,6.369301924507097e-05,0.0,0.0003037667071688,31
2023-02-02,0.001607023870183784,0.0001518833535844,0.00273390036452,31
2023-02-03,0.0037137929682906257,0.0001518833535844,0.0056196840826245,31
2023-02-04,4.899463018851613e-06,0.0,0.0001518833535844,31
2023-02-05,0.0,0.0,0.0,31
2023-02-06,0.0,0.0,0.0,31
2023-02-07,0.00011268764943361612,0.0,0.00273390036452,31
2023-02-08,0.0004213538196213452,0.0,0.00410085054678,31
2023-02-09,0.0,0.0,0.0,31
2023-02-10,5.389409320737419e-05,0.0,0.0007594167679222,31
2023-02-11,0.0007937130090541646,0.0,0.0091130012150668,31
2023-02-12,0.04239505350213612,0.0004556500607533,0.0906743620899149,31
2023-02-13,0.06242405832320772,0.0019744835965978,0.1098116646415552,31
2023-02-14,0.06746070630658876,0.0042527339003645,0.1105710814094775,31
2023-02-15,0.11470132873437065,0.0159477521263669,0.1773997569866342,31
2023-02-16,0.09297710970877586,0.021415552855407,0.1558323207776427,31
2023-02-17,0.03657939089875745,0.00273390036452,0.0643985419198055,31
2023-02-18,0.04983243836475518,0.0153402187120291,0.0883961117861482,31
2023-02-19,0.04786285423117623,0.0173147023086269,0.0789793438639125,31
2023-02-20,0.11722455218908004,0.0217193195625759,0.2051944106925881,31
2023-02-21,0.15870830556970952,0.0540704738760631,0.2421020656136087,31
2023-02-22,0.14946301885313368,0.0607533414337788,0.2009416767922235,31
2023-02-23,0.15304942578293415,0.061512758201701,0.2051944106925881,31
2023-02-24,0.1075383138008074,0.0525516403402187,0.1684386391251519,31
2023-02-25,0.07386920393524866,0.0367557715674362,0.1246962332928311,31
2023-02-26,0.017819346999568803,0.0004556500607533,0.0448055893074119,31
2023-02-27,0.027471289146709474,0.0048602673147023,0.06455042527339,31
2023-02-28,0.04285070356288947,0.0047083839611178,0.0847509113001215,31
2023-03-01,0.03528593266178022,0.00273390036452,0.0829283110571081,31
2023-03-02,0.043953082742131416,0.0012150668286755,0.0962940461725394,31
2023-03-03,0.07847469917297059,0.0171628189550425,0.146415552855407,31
2023-03-04,0.07632383490769407,0.0060753341433778,0.1550729040097205,31
2023-03-05,0.04175322384666635,0.0019744835965978,0.1038882138517618,31
2023-03-06,0.016545486614666996,0.0,0.051640340218712,31
2023-03-07,0.004443812958099764,0.0,0.0194410692588092,31
2023-03-08,0.0016854152784854482,0.0,0.0094167679222357,31
2023-03-09,0.08212479912201617,0.0341737545565006,0.1590218712029161,31
2023-03-10,0.07722533610316304,0.024149453219927,0.1737545565006075,31
2023-03-11,0.03617273546819264,0.00273390036452,0.109052247873633,31
2023-03-12,0.06888645004507502,0.0167071688942891,0.1626670716889429,31
2023-03-13,0.2240279465370595,0.0604495747266099,0.3999088699878493,31
2023-03-14,0.23825108768079015,0.0756379100850546,0.420868772782503,31
2023-03-15,0.05592737036020848,0.0116950182260024,0.1471749696233293,31
2023-03-16,0.019127503625602584,0.0022782503037667,0.0590826245443499,31
2023-03-17,0.11959099282718612,0.0293134872417983,0.2050425273390036,31
2023-03-18,0.16462685689648407,0.0534629404617253,0.2890340218712029,31
2023-03-19,0.13434817543997174,0.0581713244228432,0.2332928311057108,31
2023-03-20,0.1587328028848038,0.0721445929526124,0.2604799513973268,31
2023-03-21,0.16904617253948964,0.0665249088699878,0.2926792223572296,31
2023-03-22,0.2273301846117665,0.0844471445929526,0.3815309842041312,31
2023-03-23,0.322556147846196,0.1409477521263669,0.5021263669501823,31
2023-03-24,0.42795829577078354,0.2414945321992709,0.6585662211421628,31
2023-03-25,0.3473033355544232,0.1985115431348724,0.5838396111786148,31
2023-03-26,0.18082448163681256,0.087636695018226,0.31455042527339,31
2023-03-27,0.08642652765256922,0.0186816524908869,0.165097205346294,31
2023-03-28,0.04082722533610311,0.0001518833535844,0.0888517618469015,31
2023-03-29,0.1035648492925175,0.0407047387606318,0.2375455650060753,31
2023-03-30,0.24481636812605337,0.0972053462940461,0.5098724179829891,31
2023-03-31,0.1989818915846823,0.0935601458080194,0.3809234507897934,31
2023-04-01,0.13903206208599533,0.0656136087484811,0.2521263669501822,31
2023-04-02,0.10854760318269113,0.0394896719319562,0.2345078979343864,31
2023-04-03,0.07606906283071373,0.0106318347509113,0.1575030376670717,31
2023-04-04,0.053556030259083565,0.0031895504252733,0.0806500607533414,31
2023-04-05,0.050640849762865946,0.0180741190765492,0.0763973268529769,31
2023-04-06,0.039955120918747256,0.0141251518833535,0.0628797083839611,31
2023-04-07,0.08545153451181746,0.0493620899149453,0.1654009720534629,31
2023-04-08,0.05099851056324222,0.0176184690157958,0.1248481166464155,31
2023-04-09,0.07815623407674514,0.0302247873633049,0.181044957472661,31
2023-04-10,0.12723905459961585,0.0495139732685297,0.2743013365735115,31
2023-04-11,0.16821816328930345,0.0747266099635479,0.3235115431348724,31
2023-04-12,0.2093932504997452,0.0759416767922235,0.362089914945322,31
2023-04-13,0.16268666954101826,0.0563487241798298,0.2911603888213852,31
2023-04-14,0.07517246109826357,0.0189854191980558,0.1421628189550425,31
2023-04-15,0.06471210755301214,0.0256682867557715,0.1084447144592952,31
2023-04-16,0.056466311292282315,0.0215674362089914,0.0929526123936816,31
2023-04-17,0.08526045545408219,0.0305285540704738,0.1670716889428918,31
2023-04-18,0.153421784972367,0.0595382746051032,0.2711117861482381,31
2023-04-19,0.18860972837377019,0.0797387606318347,0.2876670716889429,31
2023-04-20,0.1545584603927409,0.0580194410692588,0.2443803159173754,31
2023-04-21,0.16588601889232937,0.0596901579586877,0.2569866342648845,31
2023-04-22,0.3205816642495982,0.1417071688942892,0.4796476306196841,31
2023-04-23,0.5158154666248579,0.2779465370595382,0.6837788578371811,31
2023-04-24,0.41763512719005996,0.2264580801944107,0.5973572296476306,31
2023-04-25,0.32296280327676086,0.1728432563791008,0.4509416767922236,31
2023-04-26,0.282826402226316,0.1534021871202916,0.3868469015795869,31
2023-04-27,0.28454121428291457,0.1470230862697448,0.4038578371810449,31
2023-04-28,0.39800297887351543,0.2266099635479951,0.56591737545565,31
2023-04-29,0.5550993611100223,0.3417375455650061,0.7493924665856622,31
2023-04-30,0.5548347901070043,0.3531287970838396,0.7185601458080194,31
2023-05-01,0.5323707521655626,0.366494532199271,0.6570473876063183,31
2023-05-02,0.5004556500607533,0.3294349939246658,0.669501822600243,31
2023-05-03,0.5183827852467369,0.3567739975698663,0.6489975698663426,31
2023-05-04,0.5573041194685062,0.3882138517618469,0.6699574726609964,31
2023-05-05,0.6879532003292439,0.5246051032806804,0.7812879708383961,31
2023-05-06,0.7768931525104849,0.6269744835965978,0.8569258809234508,31
2023-05-07,0.7847028965625367,0.5996354799513973,0.8737849331713244,31
2023-05-08,0.8193518990318661,0.6136087484811664,0.897782503037667,31
2023-05-09,0.8026839258417278,0.5697144592952612,0.8947448359659781,31
2023-05-10,0.7587994355818602,0.5164034021871203,0.8648238153098421,31
2023-05-11,0.8046290126602124,0.6324422843256379,0.8836573511543135,31
2023-05-12,0.9061752831889625,0.8270048602673147,0.9500303766707168,31
2023-05-13,0.8422862854231177,0.7083839611178615,0.9160085054678008,31
2023-05-14,0.7491474934347195,0.5284021871202916,0.8456865127582017,31
2023-05-15,0.7313281464351507,0.5136695018226003,0.8251822600243013,31
2023-05-16,0.693117234351115,0.4685601458080194,0.7943499392466585,31
2023-05-17,0.6718535648492925,0.4413730255164034,0.780224787363305,31
2023-05-18,0.7314016383804335,0.4678007290400972,0.8352065613608749,31
2023-05-19,0.7395690432328617,0.4617253948967193,0.8449270959902795,31
2023-05-20,0.728148394935915,0.4397023086269744,0.844775212636695,31
2023-05-21,0.7219897699212166,0.4190461725394896,0.8462940461725394,31
2023-05-22,0.7246109826363031,0.3941373025516403,0.8787970838396112,31
2023-05-23,0.7104809312899306,0.3567739975698663,0.9100850546780072,31
2023-05-24,0.6823629130247325,0.4548906439854192,0.8039185905224787,31
2023-05-25,0.797304315447027,0.6614520048602673,0.8891251518833536,31
2023-05-26,0.7312938501940187,0.5694106925880923,0.8585965978128797,31
2023-05-27,0.7163651863755732,0.4043134872417983,0.7619987849331713,31
2023-05-28,0.6505996942735076,0.3728736330498177,0.741190765492102,31
2023-05-29,0.6239907106181163,0.3485722964763062,0.7173450789793439,31
2023-05-30,0.5918894289185905,0.3248784933171324,0.6957776427703524,31
2023-05-31,0.5625318465096225,0.3045261239368165,0.6722357229647631,31
2023-06-01,0.5324001489436758,0.2832624544349939,0.6473268529769137,31
2023-06-02,0.5020136793007486,0.2610874848116646,0.6240886998784934,31
2023-06-03,0.4624652138125661,0.2272174969623329,0.5809538274605103,31
2023-06-04,0.41869831066515106,0.1866646415552855,0.5381227217496962,31
2023-06-05,0.48020126994081447,0.2284325637910085,0.5264277035236938,31
2023-06-06,0.4586730294359738,0.193955042527339,0.5287059538274606,31
2023-06-07,0.421701681495708,0.1524908869987849,0.4791919805589307,31
2023-06-08,0.38892427389958056,0.1289489671931956,0.4491190765492102,31
2023-06-09,0.3581556461411829,0.1123936816524908,0.4175273390036452,31
2023-06-10,0.3346137263355936,0.1006986634264884,0.3952004860267314,31
2023-06-11,0.2987986516677772,0.0800425273390036,0.3628493317132442,31
2023-06-12,0.26535491710108566,0.0634872417982989,0.3356622114216281,31
2023-06-13,0.2365754713283424,0.048602673147023,0.3101458080194411,31
2023-06-14,0.2061204092031513,0.0340218712029161,0.2831105710814094,31
2023-06-15,0.17833555442323518,0.0253645200486026,0.2524301336573512,31
2023-06-16,0.1544261748912319,0.0174665856622114,0.222509113001215,31
2023-06-17,0.18573374358170341,0.0144289185905224,0.2076245443499392,31
2023-06-18,0.16026143534668597,0.0088092345078979,0.1821081409477521,31
2023-06-19,0.1408987574961784,0.0078979343863912,0.1652490886998785,31
2023-06-20,0.09972367028573664,0.0033414337788578,0.1274301336573511,31
2023-06-21,0.06731862187904201,0.0018226002430133,0.0827764277035237,31
2023-06-22,0.03648140163838039,0.0003037667071688,0.0492102065613608,31
2023-06-23,0.021155881315407788,0.0001518833535844,0.0280984204131227,31
2023-06-24,0.017015835064476872,0.0001518833535844,0.0232381530984204,31
2023-06-25,0.012067377415435225,0.0,0.0183778857837181,31
2023-06-26,0.007741151569787903,0.0,0.0121506682867557,31
2023-06-27,0.004909261944890794,0.0,0.0066828675577156,31
2023-06-28,0.0033855289460274713,0.0,0.0050121506682867,31
2023-06-29,0.0025330223807470257,0.0,0.0034933171324422,31
2023-06-30,0.002219456747540419,0.0,0.0036452004860267,31
2023-07-01,0.0017883040018813582,0.0,0.0030376670716889,31
2023-07-02,0.0012885587739583323,0.0,0.0021263669501822,31
2023-07-03,0.0007839140830164483,0.0,0.0019744835965978,31
2023-07-04,0.0002939677811311323,0.0,0.0009113001215066,31
2023-07-05,0.001200368439618971,0.0,0.0078979343863912,31
2023-07-06,0.00021067690981067097,0.0,0.00136695018226,31
2023-07-07,2.449731509426129e-05,0.0,0.0004556500607533,31
2023-07-08,9.798926037703225e-06,0.0,0.0003037667071688,31
2023-07-09,4.899463018851613e-06,0.0,0.0001518833535844,31
2023-07-10,0.0,0.0,0.0,31
2023-07-11,0.0,0.0,0.0,31
2023-07-12,0.0,0.0,0.0,31
2023-07-13,0.0,0.0,0.0,31
2023-07-14,0.0,0.0,0.0,31
2023-07-15,0.0,0.0,0.0,31
2023-07-16,0.0,0.0,0.0,31
2023-07-17,0.0,0.0,0.0,31
2023-07-18,0.0,0.0,0.0,31
2023-07-19,0.0,0.0,0.0,31
2023-07-20,0.0,0.0,0.0,31
2023-07-21,0.0,0.0,0.0,31
2023-07-22,1.4698389056554838e-05,0.0,0.0003037667071688,31
2023-07-23,0.0,0.0,0.0,31
2023-07-24,0.0,0.0,0.0,31
2023-07-25,0.0,0.0,0.0,31
2023-07-26,0.002822090698859348,0.0,0.020048602673147,31
2023-07-27,0.0027828949947085384,0.0,0.0226306196840826,31
2023-07-28,0.004291929604515303,0.0,0.0363001215066828,31
2023-07-29,0.0002449731509426516,0.0,0.0033414337788578,31
2023-07-30,4.899463018851613e-06,0.0,0.0001518833535844,31
2023-07-31,0.0,0.0,0.0,31
2023-08-01,0.0,0.0,0.0,31
2023-08-02,5.87935562262258e-05,0.0,0.0007594167679222,31
2023-08-03,0.0,0.0,0.0,31
2023-08-04,0.0,0.0,0.0,31
2023-08-05,0.06818092737036015,0.0050121506682867,0.1968408262454435,31
2023-08-06,0.0418953082742131,0.0015188335358444,0.1462636695018226,31
2023-08-07,0.255271822208286,0.0473876063183475,0.4296780072904009,31
2023-08-08,0.17425430172853051,0.0217193195625759,0.5372114216281896,31
2023-08-09,0.0671422412103633,0.0003037667071688,0.4825334143377885,31
2023-08-10,0.02034746991729703,0.0,0.1641859052247873,31
2023-08-11,0.00412534786187431,0.0,0.0461725394896719,31
2023-08-12,7.349194528279677e-05,0.0,0.0022782503037667,31
2023-08-13,0.0,0.0,0.0,31
2023-08-14,0.0,0.0,0.0,31
2023-08-15,0.0,0.0,0.0,31
2023-08-16,0.0,0.0,0.0,31
2023-08-17,0.0,0.0,0.0,31
2023-08-18,0.0,0.0,0.0,31
2023-08-19,0.0,0.0,0.0,31
2023-08-20,0.0,0.0,0.0,31
2023-08-21,0.0,0.0,0.0,31
2023-08-22,0.0,0.0,0.0,31
2023-08-23,0.0,0.0,0.0,31
2023-08-24,0.0,0.0,0.0,31
2023-08-25,0.0,0.0,0.0,31
2023-08-26,0.0,0.0,0.0,31
2023-08-27,0.0,0.0,0.0,31
2023-08-28,0.0026016148630109742,0.0,0.0151883353584447,31
2023-08-29,0.15933053737310388,0.0334143377885783,0.2954131227217497,31
2023-08-30,0.34702896562536745,0.0888517618469015,0.7610874848116647,31
2023-08-31,0.16557245325912276,0.0148845686512758,0.4855710814094775,31
2023-09-01,0.08157115980088578,0.0033414337788578,0.3374848116646415,31
2023-09-02,0.020641437698428203,0.0003037667071688,0.0751822600243013,31
2023-09-03,0.00908850389997252,0.0,0.0451093560145808,31
2023-09-04,0.0030915611648962777,0.0,0.022782503037667,31
2023-09-05,0.0006124328773566226,0.0,0.0063791008505467,31
2023-09-06,9.798926037705484e-05,0.0,0.00136695018226,31
2023-09-07,2.449731509426129e-05,0.0,0.0004556500607533,31
2023-09-08,9.798926037703225e-06,0.0,0.0003037667071688,31
2023-09-09,0.0,0.0,0.0,31
2023-09-10,0.0,0.0,0.0,31
2023-09-11,0.0,0.0,0.0,31
2023-09-12,0.0,0.0,0.0,31
2023-09-13,0.0,0.0,0.0,31
2023-09-14,0.0,0.0,0.0,31
2023-09-15,0.0,0.0,0.0,31
2023-09-16,0.0,0.0,0.0,31
2023-09-17,0.0,0.0,0.0,31
2023-09-18,0.0,0.0,0.0,31
2023-09-19,0.008108611296201888,0.0,0.0349331713244228,31
2023-09-20,0.0032728412965938483,0.0,0.0159477521263669,31
2023-09-21,0.0010876807901853678,0.0,0.007138517618469,31
2023-09-22,0.0009945909928271485,0.0,0.0066828675577156,31
2023-09-23,0.33226688354956296,0.193955042527339,0.4346901579586877,31
2023-09-24,0.5673137224160232,0.3040704738760632,0.6602369380315918,31
2023-09-25,0.6665964410300631,0.3054374240583232,0.8762150668286756,31
2023-09-26,0.5325030376670717,0.1825637910085054,0.9138821385176183,31
2023-09-27,0.17526359111041426,0.0037970838396111,0.6941069258809235,31
2023-09-28,0.05017540077607491,0.0001518833535844,0.3728736330498177,31
2023-09-29,0.013003174852036172,0.0,0.1435297691373025,31
